{"stats":{"minecraft:killed":{"minecraft:cow":1},"minecraft:dropped":{"minecraft:poppy":4,"minecraft:leather":1,"minecraft:wheat_seeds":4,"minecraft:beef":2,"minecraft:dandelion":2},"minecraft:mined":{"minecraft:grass":25,"minecraft:poppy":3,"minecraft:dandelion":1},"minecraft:used":{"minecraft:netherite_axe":6},"minecraft:picked_up":{"minecraft:leather":1,"minecraft:wheat_seeds":5,"minecraft:dandelion":2,"minecraft:beef":3,"minecraft:netherite_axe":1,"minecraft:poppy":4},"minecraft:custom":{"minecraft:time_since_rest":5885,"minecraft:play_time":5885,"minecraft:sprint_one_cm":12185,"minecraft:damage_taken":204,"minecraft:walk_one_cm":12767,"minecraft:sneak_time":15,"minecraft:mob_kills":1,"minecraft:drop":13,"minecraft:jump":97,"minecraft:damage_dealt":337,"minecraft:time_since_death":5885,"minecraft:total_world_time":5885,"minecraft:fall_one_cm":1883,"minecraft:fly_one_cm":30629,"minecraft:player_kills":1}},"DataVersion":3465}