{"stats":{"minecraft:killed":{"minecraft:chicken":1},"minecraft:dropped":{"minecraft:chicken":1,"minecraft:poppy":1,"minecraft:wheat_seeds":1,"minecraft:netherite_axe":1},"minecraft:killed_by":{"minecraft:player":1},"minecraft:mined":{"minecraft:grass":3,"minecraft:poppy":1},"minecraft:used":{"minecraft:chicken":1,"minecraft:poppy":1,"minecraft:netherite_axe":2},"minecraft:picked_up":{"minecraft:chicken":2,"minecraft:wheat_seeds":2,"minecraft:poppy":3},"minecraft:custom":{"minecraft:time_since_rest":3564,"minecraft:deaths":1,"minecraft:play_time":5914,"minecraft:sprint_one_cm":9910,"minecraft:damage_taken":288,"minecraft:walk_one_cm":14363,"minecraft:sneak_time":312,"minecraft:mob_kills":1,"minecraft:drop":4,"minecraft:jump":77,"minecraft:damage_dealt":244,"minecraft:time_since_death":3538,"minecraft:total_world_time":5914,"minecraft:fall_one_cm":1047,"minecraft:fly_one_cm":65980}},"DataVersion":3465}